date,open,high,low,close,volume
2020-01-01,210,211.46,206.19,206.99,4688147
2020-01-02,206.99,207.13,204.45,206.12,1328482
2020-01-03,206.12,207.26,201.38,204.15,2746336
2020-01-06,204.15,206.43,199.09,202.05,4264216
2020-01-07,202.05,204.24,198.51,201.18,5863306
2020-01-08,201.18,203.93,198.37,201.41,3088874
2020-01-09,201.41,201.87,199.59,201.78,3389237
2020-01-10,201.78,201.98,197.25,199.98,4661804
2020-01-13,199.98,203.75,197.34,201.84,3622333
2020-01-14,201.84,204.57,198.84,203.24,5179311
2020-01-15,203.24,203.52,199.71,202.37,4758535
2020-01-16,202.37,206.03,200.89,205.16,1871984
2020-01-17,205.16,207.49,200.63,202.74,1059576
2020-01-20,202.74,204.5,199.98,201.41,2488064
2020-01-21,201.41,204.66,199.41,204.43,3832046
2020-01-22,204.43,205.47,202.44,205.43,3316894
2020-01-23,205.43,207.43,200.65,202.52,2620842
2020-01-24,202.52,204.1,200.94,201.42,1239205
2020-01-27,201.42,203.52,196.94,198.92,1179323
2020-01-28,198.92,201.37,197.19,200.71,3629092
2020-01-29,200.71,200.95,198.75,200.41,2069937
2020-01-30,200.41,200.51,197.66,200.46,3461438
2020-01-31,200.46,202.98,199.75,202.85,4080450
2020-02-03,202.85,206.73,201.61,203.75,3499347
2020-02-04,203.75,205.27,201.69,202.69,1241969
2020-02-05,202.69,205.16,200.92,201.93,5727028
2020-02-06,201.93,202.09,199.42,201.65,3020204
2020-02-07,201.65,205.09,201.65,203.08,4087769
2020-02-10,203.08,204.68,198.62,201.54,4084366
2020-02-11,201.54,205.41,201.25,203.4,2078533
2020-02-12,203.4,204.95,200.76,202.8,5008454
2020-02-13,202.8,205.84,199.74,200.01,4700101
2020-02-14,200.01,200.64,197.95,200.25,1305728
2020-02-17,200.25,203.3,198.98,201.42,5252377
2020-02-18,201.42,204.36,199.82,204.21,3044738
2020-02-19,204.21,204.25,200.65,202.4,1929749
2020-02-20,202.4,204.11,198.75,201.07,3686522
2020-02-21,201.07,202.36,198.2,201.05,2426557
2020-02-24,201.05,203.3,198.01,199.54,5781455
2020-02-25,199.54,202.18,198.23,198.97,5441755
2020-02-26,198.97,201.34,198.35,199.19,3640374
2020-02-27,199.19,202.1,196.85,198.44,5063555
2020-02-28,198.44,201.15,195.86,197,2926175
2020-03-02,197,198.97,194.28,197.98,5179712
2020-03-03,197.98,199.99,196.72,199.2,5944158
2020-03-04,199.2,200.14,197.48,198.09,4475328
2020-03-05,198.09,201.64,197.41,200.99,3992511
2020-03-06,200.99,203.5,196.59,198.27,2670580
2020-03-09,198.27,198.71,197.35,198.31,3714376
2020-03-10,198.31,200.5,194.89,196.09,4661073
2020-03-11,196.09,196.96,194.87,195.22,4944691
2020-03-12,195.22,198.79,194.1,196.42,2166826
2020-03-13,196.42,198.6,194.05,194.58,2753605
2020-03-16,194.58,196.46,192.5,195.1,2519414
2020-03-17,195.1,195.87,193.99,194.41,2383492
2020-03-18,194.41,196.15,192.07,194.35,4017137
2020-03-19,194.35,197.8,192.72,196.26,4895014
2020-03-20,196.26,198.52,193.44,197.56,2820921
2020-03-23,197.56,200.25,194.95,199.72,4085999
2020-03-24,199.72,202.44,196.36,198.51,2418592
2020-03-25,198.51,200,196.21,198.38,4447907
2020-03-26,198.38,201.39,195.99,200.25,3037017
2020-03-27,200.25,200.44,198.35,198.75,1984479
2020-03-30,198.75,201.5,195.79,197.26,3850561
2020-03-31,197.26,200.96,194.37,199.62,2790265
2020-04-01,199.62,203.43,199.08,201.53,2546122
2020-04-02,201.53,201.6,196.75,199.45,5172415
2020-04-03,199.45,199.74,196.68,197.52,2250469
2020-04-06,197.52,198.43,196.48,196.62,4119241
2020-04-07,196.62,198.35,192.06,193.89,2014591
2020-04-08,193.89,195.45,190.9,193.71,2224093
2020-04-09,193.71,196.61,192.07,194.8,1920933
2020-04-10,194.8,197.48,193.19,195.66,2658921
2020-04-13,195.66,197.44,193.64,194.59,4833863
2020-04-14,194.59,195.11,190.04,192.65,1142190
2020-04-15,192.65,197.35,189.84,195.42,5441495
2020-04-16,195.42,196.37,192.93,196.37,3031225
2020-04-17,196.37,198.95,193.97,198.04,5258069
2020-04-20,198.04,200.15,193.16,195.64,3348141
2020-04-21,195.64,196.28,191,193.07,4452779
2020-04-22,193.07,195.19,189.75,191.28,4928218
2020-04-23,191.28,192.41,188.6,190.33,4693416
2020-04-24,190.33,191.79,185.12,187.88,5653428
2020-04-27,187.88,188.16,183.71,185.38,5370964
2020-04-28,185.38,187.31,183.09,185.83,5392955
2020-04-29,185.83,187.16,185.49,185.83,2041367
2020-04-30,185.83,187.57,185.13,185.67,3982694
2020-05-01,185.67,186.06,180.85,183.16,1718156
2020-05-04,183.16,184.99,177.94,180.58,4441156
2020-05-05,180.58,180.63,177.62,178.54,1544638
2020-05-06,178.54,180.92,177.4,179.98,1136352
2020-05-07,179.98,181.59,177.26,179.19,2497075
2020-05-08,179.19,179.33,176.82,178.06,1441789
2020-05-11,178.06,180.59,175.64,175.66,2783945
2020-05-12,175.66,178.17,174.44,176.04,2915304
2020-05-13,176.04,178.24,172.46,174.05,5326275
2020-05-14,174.05,176.54,173.25,173.34,5506910
2020-05-15,173.34,174.49,172.33,173.6,2280644
2020-05-18,173.6,176.16,171.02,175.06,1695833
2020-05-19,175.06,179.95,174.27,177.65,2724999
2020-05-20,177.65,178.77,175.62,177.29,5438228
2020-05-21,177.29,180.35,175.25,178.25,2538848
2020-05-22,178.25,180.64,178,179.36,2252958
2020-05-25,179.36,182.67,178.19,180.52,2912245
2020-05-26,180.52,184.83,180.18,182.37,3664763
2020-05-27,182.37,182.45,180.47,181.58,3387104
2020-05-28,181.58,183.4,178.9,179.03,4723990
2020-05-29,179.03,182.02,177.48,180.88,1915950
2020-06-01,180.88,183.19,179.53,183.02,2856306
2020-06-02,183.02,186.3,181.45,184.7,4409907
2020-06-03,184.7,186.16,181.92,182.39,1618781
2020-06-04,182.39,186.31,182.3,185.08,1868892
2020-06-05,185.08,187.85,184.79,186.28,2044755
2020-06-08,186.28,190.28,183.62,188.29,4673836
2020-06-09,188.29,188.35,185.94,186.9,1256179
2020-06-10,186.9,187.27,182.71,184.89,2891369
2020-06-11,184.89,186.42,184.75,185.82,1363869
2020-06-12,185.82,188.45,182.5,183.77,3611817
2020-06-15,183.77,184.93,182.42,183.12,4737276
2020-06-16,183.12,185.82,182.93,183.13,2551346
2020-06-17,183.13,184.39,181.38,184.31,5995451
2020-06-18,184.31,186.57,183.69,185.59,1173904
2020-06-19,185.59,186.84,182.83,186.05,5161809
2020-06-22,186.05,188.13,184.61,186.2,1731733
2020-06-23,186.2,188.97,186.13,187.14,1936550
2020-06-24,187.14,187.72,184.13,185.12,2734478
2020-06-25,185.12,185.58,182.1,183.98,4928622
2020-06-26,183.98,185.83,181.25,185.03,4056005
2020-06-29,185.03,185.35,182.84,184.9,1097862
2020-06-30,184.9,189.5,184.25,187.53,1137718
2020-07-01,187.53,190.88,184.96,190.04,4199019
2020-07-02,190.04,192.57,186.17,188.36,4542835
2020-07-03,188.36,192.08,185.54,190.67,2944857
2020-07-06,190.67,192.09,190.1,190.46,1552375
2020-07-07,190.46,194.17,187.89,192.03,5293141
2020-07-08,192.03,196.48,190.56,194.84,3789597
2020-07-09,194.84,198.48,192.4,197.59,1988963
2020-07-10,197.59,200.1,195.36,196.54,4766034
2020-07-13,196.54,197.99,192.68,194.59,1533661
2020-07-14,194.59,199.51,191.73,196.74,5293333
2020-07-15,196.74,198.8,194.34,197.52,5538440
2020-07-16,197.52,199.11,195.58,197.71,1731783
2020-07-17,197.71,201.07,195.93,199.7,2952180
2020-07-20,199.7,201.96,196.76,197.19,5934301
2020-07-21,197.19,197.66,195.13,195.31,4616234
2020-07-22,195.31,198.7,194.6,196.08,5243713
2020-07-23,196.08,198.14,195.28,198.07,5569922
2020-07-24,198.07,200.28,196.36,197.23,5190668
2020-07-27,197.23,197.91,194.31,197.42,5459071
2020-07-28,197.42,201.23,195.45,198.86,3574866
2020-07-29,198.86,199.69,195.92,196.93,5112818
2020-07-30,196.93,199.95,196.55,198.99,2977396
2020-07-31,198.99,203.85,196.81,201.03,2236626
2020-08-03,201.03,204.89,199.85,202.94,4770138
2020-08-04,202.94,206.09,200.86,205.77,1838313
2020-08-05,205.77,211.22,204,208.4,4352271
2020-08-06,208.4,208.67,205.22,207.43,3578784
2020-08-07,207.43,210,203.43,206.48,1911661
2020-08-10,206.48,207.73,205.85,206.35,3938810
2020-08-11,206.35,207.59,203.87,206.59,2197257
2020-08-12,206.59,207.37,203.85,206.48,4744491
2020-08-13,206.48,210.08,205.54,208.05,2543304
2020-08-14,208.05,211.51,204.99,209.2,5063545
2020-08-17,209.2,212.24,205.44,207.44,4122867
2020-08-18,207.44,207.5,203.35,205.73,5701251
2020-08-19,205.73,207.92,205.34,207.63,3275571
2020-08-20,207.63,207.65,204.38,205.31,3376345
2020-08-21,205.31,209.2,204.29,207.58,4255234
2020-08-24,207.58,208.42,204.03,205.5,5500449
2020-08-25,205.5,209.93,202.83,207.55,2603235
2020-08-26,207.55,208.52,204.51,205.29,3099523
2020-08-27,205.29,205.91,201.62,204.41,4834158
2020-08-28,204.41,205.43,199.46,202.32,1789745
2020-08-31,202.32,205.36,201.69,203.35,1198571
2020-09-01,203.35,204.63,200.82,203.34,5584638
2020-09-02,203.34,207.24,200.57,205.32,1172520
2020-09-03,205.32,210.64,202.63,207.97,3547696
2020-09-04,207.97,210.42,206.22,210.13,5711079
2020-09-07,210.13,215.01,207.25,212.3,1042180
2020-09-08,212.3,216.2,209.86,214.24,5443831
2020-09-09,214.24,217.35,211.2,214.34,1082890
2020-09-10,214.34,215.71,213.42,215.3,1271455
2020-09-11,215.3,215.75,213.11,215.24,5844600
2020-09-14,215.24,218.69,213.45,216.28,5148321
2020-09-15,216.28,218.65,212.26,214.26,5173377
2020-09-16,214.26,214.7,211.6,213.7,5718611
2020-09-17,213.7,215.56,210.94,211.52,3463651
2020-09-18,211.52,214.5,210.25,210.5,4248253
2020-09-21,210.5,212.91,208.98,211.76,2722653
2020-09-22,211.76,213.78,210.83,212.06,2767946
2020-09-23,212.06,214.36,210.08,213.93,2849480
2020-09-24,213.93,216.86,212.19,216.26,4535677
2020-09-25,216.26,218.8,214.78,218.51,2964867
2020-09-28,218.51,221.15,216.4,219.98,2269611
2020-09-29,219.98,221.82,219,221.25,2501854
2020-09-30,221.25,223.72,217.2,220.28,3161556
2020-10-01,220.28,223.61,217.14,222.75,1029554
2020-10-02,222.75,225.73,221.62,221.84,3359561
2020-10-05,221.84,222.09,218.29,221.5,5364101
2020-10-06,221.5,222.43,220.75,221.57,1172229
2020-10-07,221.57,227.86,221.56,224.58,1461940
2020-10-08,224.58,228.06,223.99,226.51,5322826
2020-10-09,226.51,230.16,226.21,228.34,5446007
2020-10-12,228.34,231.62,225.84,230.59,3294419
2020-10-13,230.59,230.72,227.23,230.46,2613335
2020-10-14,230.46,233.6,225.88,227.59,1635470
2020-10-15,227.59,228.83,222.77,224.79,1655984
2020-10-16,224.79,225.21,219.35,221.73,2683312
2020-10-19,221.73,224.46,217.91,220.44,5847185
2020-10-20,220.44,222.28,217.1,219.43,1087246
2020-10-21,219.43,220.11,217.72,218.04,5957673
2020-10-22,218.04,220.68,216.16,219.64,3986506
2020-10-23,219.64,224,217.84,222.04,1888160
2020-10-26,222.04,225.09,221.7,221.93,3332270
2020-10-27,221.93,224.65,218.72,223.35,5616210
2020-10-28,223.35,229.61,222.59,226.36,4739109
2020-10-29,226.36,230.86,223.53,227.48,3158744
2020-10-30,227.48,230.03,224.58,226.96,2849528
2020-11-02,226.96,230.27,220.48,223.72,5760700
2020-11-03,223.72,225.3,220.48,224.66,3386993
2020-11-04,224.66,227.18,223.97,225.73,2641912
2020-11-05,225.73,229.01,222.09,223.32,2068673
2020-11-06,223.32,225.24,219.31,221.7,5159324
2020-11-09,221.7,223.26,219.03,219.52,5074628
2020-11-10,219.52,222.76,217.62,219.37,1592386
2020-11-11,219.37,222.28,216.65,217.84,3285149
2020-11-12,217.84,219.07,215.45,216.67,3462750
2020-11-13,216.67,219.61,214.61,215.43,2329076
2020-11-16,215.43,218.21,214.92,215.93,1829471
2020-11-17,215.93,218.32,211.24,214.01,1773757
2020-11-18,214.01,218.72,212.71,216.76,5577649
2020-11-19,216.76,217.34,213.78,215.67,1266449
2020-11-20,215.67,218.87,215.39,216.73,5084687
2020-11-23,216.73,217.03,213.36,215.36,5722782
2020-11-24,215.36,217.4,212.63,213.3,3712366
2020-11-25,213.3,215.94,211.63,212.46,4258778
2020-11-26,212.46,214.5,207.92,209.77,1428762
2020-11-27,209.77,209.87,206.19,208.27,4625761
2020-11-30,208.27,210.98,205.47,209.23,2539431
2020-12-01,209.23,211.81,207.28,210.28,3872121
2020-12-02,210.28,211.62,209.36,209.45,4383176
2020-12-03,209.45,211.1,204.7,207.74,2185937
2020-12-04,207.74,209.63,204.91,207.3,1841152
2020-12-07,207.3,208.03,206.3,207.12,3531674
2020-12-08,207.12,212.74,205.19,210.17,1189889
2020-12-09,210.17,212.73,206.59,209,3240345
2020-12-10,209,210.65,207.04,210.37,5867672
2020-12-11,210.37,211.19,207.97,208.55,2740527
2020-12-14,208.55,211.16,205.85,209.35,1271094
2020-12-15,209.35,210.28,206.42,207.95,3415921
2020-12-16,207.95,212.55,207.22,210.44,2610527
2020-12-17,210.44,214.36,208.86,211.37,2316695
2020-12-18,211.37,216.23,208.63,214.28,3246001
2020-12-21,214.28,216.29,212.72,215.75,5479386
2020-12-22,215.75,217.16,210.01,212.7,5092834
2020-12-23,212.7,214.54,210.43,213.8,3692350
2020-12-24,213.8,214.31,210.78,211.16,3154983
2020-12-25,211.16,214.88,210.69,212.94,3590457
2020-12-28,212.94,216.62,211.97,213.47,1458259
2020-12-29,213.47,215.93,212.48,212.91,3660689
2020-12-30,212.91,215,212.13,213.95,3537307
2020-12-31,213.95,216.77,213.45,216.68,4616210
2021-01-01,216.68,219.73,215.16,217.01,2808473
2021-01-04,217.01,219.29,212.07,213.9,2371538
2021-01-05,213.9,214.07,210.54,212.67,3208219
2021-01-06,212.67,217.04,210.39,214.13,3076194
2021-01-07,214.13,217.38,211.16,216.95,3604951
2021-01-08,216.95,219.67,215.1,215.68,4112302
2021-01-11,215.68,217.61,214.28,217.07,4257613
2021-01-12,217.07,217.62,214.62,214.86,1538779
2021-01-13,214.86,216.94,211.76,212.1,5283525
2021-01-14,212.1,213.47,211.26,213.14,1685625
2021-01-15,213.14,214.96,211.77,214.31,5402662
2021-01-18,214.31,215.54,209.8,211.92,3891585
2021-01-19,211.92,215.65,208.93,213.81,4595787
2021-01-20,213.81,217.68,213.2,216.37,2085941
2021-01-21,216.37,216.6,213.45,215.1,2965763
2021-01-22,215.1,216.75,213.88,216.63,5351527
2021-01-25,216.63,217.27,212.26,214.96,1999705
2021-01-26,214.96,215.51,212.08,214.51,4241202
2021-01-27,214.51,219.62,212.3,217.72,5585670
2021-01-28,217.72,218.57,214.35,216.36,5950958
2021-01-29,216.36,216.72,211.03,214.22,5094233
2021-02-01,214.22,215.28,211.64,213.43,2077345
2021-02-02,213.43,213.72,211.11,212.85,4272883
2021-02-03,212.85,214.88,211.27,212.8,4302543
2021-02-04,212.8,213.46,207.71,210.82,5092326
2021-02-05,210.82,214.19,209.19,213.77,2337129
2021-02-08,213.77,214.81,210.79,214.71,1117846
2021-02-09,214.71,217.48,212.24,212.46,1518210
2021-02-10,212.46,215.54,210.87,215.21,1394767
2021-02-11,215.21,220.11,212.25,218.39,2055829
2021-02-12,218.39,221.28,214.84,215.68,4929698
2021-02-15,215.68,218.65,213.03,214.44,1504679
2021-02-16,214.44,215.96,213.19,214.13,2032813
2021-02-17,214.13,218.32,212.02,215.54,2154706
2021-02-18,215.54,215.92,212.34,215.23,4983389
2021-02-19,215.23,218.92,214.44,217.08,2019580
2021-02-22,217.08,218.21,214.8,215.36,5597859
2021-02-23,215.36,216.98,213.21,213.84,3493859
2021-02-24,213.84,218.29,212.36,216.26,5787119
2021-02-25,216.26,216.97,213.42,215.9,1174018
2021-02-26,215.9,222.05,213.82,218.91,1659011
2021-03-01,218.91,219.83,216.33,217.09,2609120
2021-03-02,217.09,221.01,215.16,219.82,1472972
2021-03-03,219.82,222.32,218.66,222.25,2551671
2021-03-04,222.25,227.65,222.15,224.3,1118800
2021-03-05,224.3,226.09,220.56,223.34,3604368
2021-03-08,223.34,225.94,220.73,222.29,2716559
2021-03-09,222.29,225.04,219.06,219.38,3679205
2021-03-10,219.38,223.72,217.95,222.01,1173618
2021-03-11,222.01,225.65,221.28,222.81,3712359
2021-03-12,222.81,224.81,220.87,221.79,2104177
2021-03-15,221.79,222.54,220.01,222.46,3562460
2021-03-16,222.46,223.62,221.72,222.3,4616979
2021-03-17,222.3,224.01,217.13,219.86,3197218
2021-03-18,219.86,224.43,218.63,221.51,5741317
2021-03-19,221.51,223.69,218.85,221.42,5706972
2021-03-22,221.42,222.86,215.63,218.34,4433301
2021-03-23,218.34,220.99,216.71,219.78,4391665
2021-03-24,219.78,221.53,219.52,221.53,1764310
2021-03-25,221.53,223.43,216.8,219.37,3661645
2021-03-26,219.37,224.48,218.51,221.84,4891201
2021-03-29,221.84,224.75,219.76,224.54,4003122
2021-03-30,224.54,226.86,222.4,225.99,2775205
2021-03-31,225.99,229.09,222.56,223.93,4342536
2021-04-01,223.93,226.68,222.78,224.75,3395584
2021-04-02,224.75,226.59,221.37,225.01,4983198
2021-04-05,225.01,226.19,221.14,222.59,3880515
2021-04-06,222.59,225.14,221.33,223.16,1810953
2021-04-07,223.16,226.51,221.53,226.23,1982233
2021-04-08,226.23,230.49,225.32,227.58,5272020
2021-04-09,227.58,232.06,226.99,230.93,1222198
2021-04-12,230.93,233.93,229.06,233.82,1997585
2021-04-13,233.82,235.17,230.45,232.44,4363557
2021-04-14,232.44,233.22,230.77,230.93,3107063
2021-04-15,230.93,234.59,230.37,232.33,3597260
2021-04-16,232.33,235.41,231.84,231.98,5707982
2021-04-19,231.98,233.34,228.73,231.52,5706768
2021-04-20,231.52,233.61,227.81,230.47,5521117
2021-04-21,230.47,231.86,227.01,229.13,4345576
2021-04-22,229.13,234.46,227.49,231.47,2661599
2021-04-23,231.47,231.95,229.19,230.22,3470243
2021-04-26,230.22,232.53,229.34,230.2,1456806
2021-04-27,230.2,232.14,228.83,230.4,2468645
2021-04-28,230.4,234.13,228.85,231.95,2532506
2021-04-29,231.95,232.1,228.26,231.17,3884398
2021-04-30,231.17,234.96,231.15,232.13,5976350
2021-05-03,232.13,234.72,231.51,232.31,3332642
2021-05-04,232.31,238.87,229.19,235.54,1432361
2021-05-05,235.54,237.89,232.67,234.55,2098975
2021-05-06,234.55,236.32,231.79,231.85,3466290
2021-05-07,231.85,232.06,228.48,229.81,4467494
2021-05-10,229.81,231.14,228.67,230.88,4700577
2021-05-11,230.88,231.88,227.95,228.4,5276638
2021-05-12,228.4,231.59,227.15,228.48,4466435
2021-05-13,228.48,231.62,224.23,225.72,4003470
2021-05-14,225.72,231.67,222.41,228.33,4535461
2021-05-17,228.33,228.53,225.72,225.74,4232298
2021-05-18,225.74,228.03,222.28,222.81,4003526
2021-05-19,222.81,224.26,216.96,219.95,4469060
2021-05-20,219.95,226.03,218.81,222.72,4645059
2021-05-21,222.72,224.69,220.85,222.87,4089384
2021-05-24,222.87,224.39,221.44,224.06,5001786
2021-05-25,224.06,228.13,221.8,224.91,4737263
2021-05-26,224.91,227.03,221.58,224.62,2077678
2021-05-27,224.62,226.9,224.39,224.82,3556322
2021-05-28,224.82,228.7,221.61,227.13,1398761
2021-05-31,227.13,227.34,224.03,226.56,4496434
2021-06-01,226.56,232.59,224.09,229.52,3517530
2021-06-02,229.52,230.2,228.07,229.15,5801997
2021-06-03,229.15,230.81,228.72,228.82,3787326
2021-06-04,228.82,230.7,226.7,227.71,5823119
2021-06-07,227.71,229.02,226.12,227.39,4144518
2021-06-08,227.39,232.47,225.43,230.84,4682816
2021-06-09,230.84,233.33,229.57,230.41,2845505
2021-06-10,230.41,230.99,230.32,230.43,4340845
2021-06-11,230.43,235,230.21,233.45,3599768
2021-06-14,233.45,236.17,231.76,236.13,4044686
2021-06-15,236.13,238.01,232.33,235.62,2864069
2021-06-16,235.62,240.6,234.5,238.47,1177377
2021-06-17,238.47,238.66,234.07,236.73,1415119
2021-06-18,236.73,237.63,232.84,236.04,2837248
2021-06-21,236.04,237.87,236.03,237.79,3172101
2021-06-22,237.79,237.88,234.25,236.51,4847261
2021-06-23,236.51,239.72,231.76,234.42,1235960
2021-06-24,234.42,235.02,230.74,232.14,4084883
2021-06-25,232.14,232.51,231.84,232.47,5984878
2021-06-28,232.47,234.76,230.29,230.32,4664809
2021-06-29,230.32,236.49,227.76,233.16,2963988
2021-06-30,233.16,236.96,232.6,235.06,2106065
2021-07-01,235.06,239.97,232.01,238.22,1349341
2021-07-02,238.22,239.92,235.12,236.77,3034227
2021-07-05,236.77,240.3,236.31,239.42,1489440
2021-07-06,239.42,240.37,236.74,237.45,4581191
2021-07-07,237.45,240.15,233.92,239.85,1222146
2021-07-08,239.85,244.07,237.57,241.6,5592445
2021-07-09,241.6,244.52,236.81,238.46,5745927
2021-07-12,238.46,244.25,236.31,241.89,3472254
2021-07-13,241.89,243.18,237.84,240.13,2766805
2021-07-14,240.13,243.56,238.28,243.45,3224885
2021-07-15,243.45,245.85,243.25,245.27,5168948
2021-07-16,245.27,248.92,242.69,245.43,5133871
2021-07-19,245.43,246.94,241.91,246.29,3229112
2021-07-20,246.29,251.29,243.05,249.68,3509525
2021-07-21,249.68,251.33,248.88,249.97,1837953
2021-07-22,249.97,255.17,248.01,251.59,1559798
2021-07-23,251.59,254.48,248.21,253.3,1518587
2021-07-26,253.3,256.77,247.75,251.01,3638544
2021-07-27,251.01,253.88,247.75,248.92,1580368
2021-07-28,248.92,252.56,248.77,251.69,5152922
2021-07-29,251.69,254.05,249.45,252.86,5247161
2021-07-30,252.86,255.23,252,252.32,2803016
2021-08-02,252.32,257.02,249.14,253.68,3844809
2021-08-03,253.68,255.07,250.63,254.16,3913095
2021-08-04,254.16,256.05,249.82,251.1,4868940
2021-08-05,251.1,253.79,247.3,247.92,1815804
2021-08-06,247.92,248.67,244.82,246.17,1307170
2021-08-09,246.17,249.95,243.08,246.49,1932838
2021-08-10,246.49,248.9,245.5,247.71,5429744
2021-08-11,247.71,249.53,242.46,245.22,3194971
2021-08-12,245.22,245.59,240.76,242.99,5206993
2021-08-13,242.99,244.34,240.25,242.31,1028402
2021-08-16,242.31,242.91,239.97,242.26,1433588
2021-08-17,242.26,245.76,240.56,242.15,3509258
2021-08-18,242.15,245.87,241.1,243.19,5576134
2021-08-19,243.19,246.43,238.17,241.27,5878358
2021-08-20,241.27,242.06,235.11,238.62,1835257
2021-08-23,238.62,240.29,238.5,239.72,3125296
2021-08-24,239.72,246.25,238.65,243.27,2675662
2021-08-25,243.27,244.34,239.87,243.93,2867830
2021-08-26,243.93,246.89,241.6,244.26,4117582
2021-08-27,244.26,246.91,243.34,243.98,1710933
2021-08-30,243.98,246.22,241.72,245.83,3074226
2021-08-31,245.83,246.1,242.33,244.54,3789036
2021-09-01,244.54,246.83,238.81,241.53,3812766
2021-09-02,241.53,245.75,238.14,244.08,4454878
2021-09-03,244.08,246.75,238.99,242.23,4608882
2021-09-06,242.23,246.11,239.89,245.25,2445760
2021-09-07,245.25,248.68,242.16,247.47,2668817
2021-09-08,247.47,251.14,244.64,248.08,3150450
2021-09-09,248.08,250.87,245.23,248.4,1136483
2021-09-10,248.4,251.76,248.19,250.6,4802462
2021-09-13,250.6,254.01,250.15,251.48,5253911
2021-09-14,251.48,251.83,246.51,248.6,1089764
2021-09-15,248.6,251.43,247.08,250.48,1168228
2021-09-16,250.48,251.45,249.37,250.52,1750348
2021-09-17,250.52,254.06,248.55,248.58,3032359
2021-09-20,248.58,252.84,248.19,249.27,3738126
2021-09-21,249.27,253.28,245.66,252.7,4254995
2021-09-22,252.7,253.31,249.96,251.64,2300825
2021-09-23,251.64,252.84,251.55,252.52,5100730
2021-09-24,252.52,253.84,249.35,250.37,5973176
2021-09-27,250.37,255.94,247.52,253.03,1733188
2021-09-28,253.03,254.22,249.78,253.48,1792753
2021-09-29,253.48,257.27,253.1,255.61,1274216
2021-09-30,255.61,261.45,252.82,257.68,2548130
2021-10-01,257.68,264.02,254.57,260.83,4092092
2021-10-04,260.83,266.2,257.77,263.03,3679523
2021-10-05,263.03,267.57,259.85,266.73,5791684
2021-10-06,266.73,270.71,263.21,269.05,3231860
2021-10-07,269.05,270.28,265.85,266.59,3049715
2021-10-08,266.59,272.64,264.99,270.06,5478454
2021-10-11,270.06,275.27,268.92,273.27,4149377
2021-10-12,273.27,274.12,271.73,271.95,5800899
2021-10-13,271.95,277.55,269.39,274.09,4295258
2021-10-14,274.09,275.85,271.55,275.75,3552626
2021-10-15,275.75,277.54,273.46,275.08,1504165
2021-10-18,275.08,279.73,272.16,276.9,3408943
2021-10-19,276.9,278.35,276.33,276.42,2859971
2021-10-20,276.42,278.05,270.42,273.33,5912466
2021-10-21,273.33,276.3,271.18,275.67,1921805
2021-10-22,275.67,280.22,275.25,276.32,1798990
2021-10-25,276.32,281.83,274.05,278.35,1252908
2021-10-26,278.35,280.38,271.36,275.4,4512126
2021-10-27,275.4,277.43,272.19,276.91,3557577
2021-10-28,276.91,278.84,271.01,273.26,1510495
2021-10-29,273.26,280.02,272.18,277.35,5334126
2021-11-01,277.35,280.53,274.93,279.44,5859113
2021-11-02,279.44,283.52,278.46,278.98,4185462
2021-11-03,278.98,281.08,277.69,280.11,3551599
2021-11-04,280.11,286.3,277.87,284.04,3262725
2021-11-05,284.04,289.87,281.69,287.82,5528303
2021-11-08,287.82,290.46,286.49,287.47,2575503
2021-11-09,287.47,293.39,286.72,291.07,5997091
2021-11-10,291.07,294.05,285.14,288.82,5056449
2021-11-11,288.82,290.35,284.15,287.69,5066612
2021-11-12,287.69,289.03,286.72,287.95,2991023
2021-11-15,287.95,291.59,287.4,289.22,5821345
2021-11-16,289.22,292.53,288.29,289.13,5642296
2021-11-17,289.13,292.35,285.99,290.32,4566237
2021-11-18,290.32,292.04,287.93,290.93,1976327
2021-11-19,290.93,295.76,286.87,293.96,4298967
2021-11-22,293.96,295.05,290.14,291.05,3882874
2021-11-23,291.05,295.41,287.25,291.17,3567019
2021-11-24,291.17,296.79,289.08,293.78,1511681
2021-11-25,293.78,300.49,291.18,298.06,4850852
2021-11-26,298.06,299.59,292.49,296.06,2971121
2021-11-29,296.06,301.55,294.77,298.27,5428108
2021-11-30,298.27,302.3,298.06,299.75,5167476
2021-12-01,299.75,303.19,296.7,300.44,4065336
2021-12-02,300.44,307.36,298.67,303.52,4323434
2021-12-03,303.52,304.95,299.83,302.72,3962332
2021-12-06,302.72,306.7,298.19,303.68,2665650
2021-12-07,303.68,311.27,299.61,307.66,2213017
2021-12-08,307.66,311.32,304.02,307.26,3152976
2021-12-09,307.26,308.28,302.87,302.96,5730548
2021-12-10,302.96,303.75,296.92,301,3124580
2021-12-13,301,303.35,300.65,301.77,1403481
2021-12-14,301.77,304.21,296.64,299.8,2611431
2021-12-15,299.8,303.2,297.08,301.47,4480331
2021-12-16,301.47,307.18,298.03,304.22,3037036
2021-12-17,304.22,307.72,301.74,302.54,3336574
2021-12-20,302.54,303.15,297.29,299.66,4503204
2021-12-21,299.66,303.69,295.87,301.38,1238604
2021-12-22,301.38,305.31,294.6,297.45,2131322
2021-12-23,297.45,301.99,297.3,300.54,4951708
2021-12-24,300.54,301.91,294.28,298.68,2062210
2021-12-27,298.68,302.2,298.27,298.99,1822432
2021-12-28,298.99,299.77,294.63,299.39,1833454
2021-12-29,299.39,300.83,297.53,300.25,2637623
2021-12-30,300.25,304.54,297.79,302.3,5933959
2021-12-31,302.3,305.08,297.34,298.04,2479882
2022-01-03,298.04,298.61,294.22,298.03,5263186
2022-01-04,298.03,301.69,294.79,296.19,1746344
2022-01-05,296.19,300.56,295.04,298.68,2011865
2022-01-06,298.68,302.81,293.57,296.92,1564357
2022-01-07,296.92,299.9,292.9,292.92,5445104
2022-01-10,292.92,298.25,291.67,295.5,1330213
2022-01-11,295.5,303.33,292.36,299.92,5921276
2022-01-12,299.92,303.21,295.19,299.02,2075654
2022-01-13,299.02,301.98,295.57,301.05,4068244
2022-01-14,301.05,306,298.47,302.11,3042752
2022-01-17,302.11,306.38,300.94,302.36,5093819
2022-01-18,302.36,308.59,298.82,306.75,1501812
2022-01-19,306.75,309.91,302.39,309.61,5119331
2022-01-20,309.61,313.33,307.07,311.85,5868341
2022-01-21,311.85,311.9,306.93,311.49,4596080
2022-01-24,311.49,317.15,306.9,315.07,1250879
2022-01-25,315.07,315.66,310.07,313.42,1635964
2022-01-26,313.42,318.54,311.57,315.77,2036319
2022-01-27,315.77,316.54,311.55,315.8,3917251
2022-01-28,315.8,316.3,307.48,311.71,1619085
2022-01-31,311.71,319.55,310.53,316.53,2401175
2022-02-01,316.53,321.48,312.17,320.63,1724176
2022-02-02,320.63,320.68,317.94,318.37,3757823
2022-02-03,318.37,319.94,312.59,315.2,1370628
2022-02-04,315.2,319.08,312.26,318.52,5388395
2022-02-07,318.52,321.29,311.1,315.4,4048881
2022-02-08,315.4,317.78,314.42,315.69,2769918
2022-02-09,315.69,319.27,312.6,314.98,2743152
2022-02-10,314.98,318.38,312.32,314.53,5864604
2022-02-11,314.53,321.05,313.32,318.31,2099652
2022-02-14,318.31,322.1,312.61,317.3,1024217
2022-02-15,317.3,318.14,312.48,316.58,4012182
2022-02-16,316.58,320.36,312.69,313.47,2415316
2022-02-17,313.47,316.6,309.6,313.15,4305910
2022-02-18,313.15,317.12,312.92,313.21,4227267
2022-02-21,313.21,316.96,306.27,309.98,5233459
2022-02-22,309.98,311.79,305,308.79,1998572
2022-02-23,308.79,310.31,307.7,309.93,5428354
2022-02-24,309.93,311.47,307.83,309.84,2285069
2022-02-25,309.84,314.43,309.5,311.25,3780778
2022-02-28,311.25,314.43,307.82,309.66,1848027
2022-03-01,309.66,314.16,309.42,310.4,1408321
2022-03-02,310.4,314.85,306.29,310.87,3282786
2022-03-03,310.87,311.1,308.4,309.73,1072716
2022-03-04,309.73,313.84,307.54,309.24,3483967
2022-03-07,309.24,313.4,306.88,310.45,5440442
2022-03-08,310.45,314.5,304.72,306.95,3243548
2022-03-09,306.95,310.09,304.58,306.81,4859062
2022-03-10,306.81,312.69,305.59,310.24,2881502
2022-03-11,310.24,310.41,307.48,310.26,5184797
2022-03-14,310.26,316.76,310.14,313.02,1097712
2022-03-15,313.02,315.54,312.41,312.74,4214937
2022-03-16,312.74,316.92,309.83,314.73,3397272
2022-03-17,314.73,318.01,308.67,312,2495726
2022-03-18,312,316.22,307.55,314.39,5548029
2022-03-21,314.39,317.57,311.39,316.9,2617633
2022-03-22,316.9,320.52,314.74,317.2,1523788
2022-03-23,317.2,322.65,312.95,318.95,5124936
2022-03-24,318.95,322.76,318.57,319.72,5773939
2022-03-25,319.72,322.01,316.05,316.27,1975043
2022-03-28,316.27,318.55,313.72,316.58,1826299
2022-03-29,316.58,317.19,316.56,316.99,4672472
2022-03-30,316.99,322.73,312.7,318.59,4230794
2022-03-31,318.59,328.2,316.83,323.49,3176722
2022-04-01,323.49,328.33,322.17,326.92,3528374
2022-04-04,326.92,333.65,326.26,330.83,5903565
2022-04-05,330.83,334.64,330.32,334.45,3181497
2022-04-06,334.45,342.38,334.24,338.54,4319397
2022-04-07,338.54,346.67,337.62,342.02,3903532
2022-04-08,342.02,349.49,338.08,346.7,4823391
2022-04-11,346.7,356.31,342.37,351.57,3066266
2022-04-12,351.57,355.5,348.59,352.28,5912591
2022-04-13,352.28,353.37,345.01,349.17,3165699
2022-04-14,349.17,356.84,346.95,352.33,4413878
2022-04-15,352.33,355.43,348.98,351.62,5471370
2022-04-18,351.62,354.55,344,347.24,2776996
2022-04-19,347.24,348.26,343.8,344.28,1661481
2022-04-20,344.28,346.15,339.85,344.52,3317665
2022-04-21,344.52,348.82,339.79,345.79,5252521
2022-04-22,345.79,349.65,342.22,345.21,5971181
2022-04-25,345.21,349.48,337.44,341.57,1145991
2022-04-26,341.57,347.81,339.55,344.18,5263568
2022-04-27,344.18,346.12,343.95,345,1099692
2022-04-28,345,348.39,337.02,341.15,3603828
2022-04-29,341.15,344.41,337.03,341.46,3230736
2022-05-02,341.46,343.94,337.49,340.62,3213890
2022-05-03,340.62,344.25,339.92,343.61,3859887
2022-05-04,343.61,343.84,340.91,340.98,3414396
2022-05-05,340.98,344.04,340.95,343.77,5719390
2022-05-06,343.77,350.69,343.41,346.67,2318238
2022-05-09,346.67,348.64,341.02,342.98,1812673
2022-05-10,342.98,349.96,342.68,345.44,2744086
2022-05-11,345.44,346.96,340.37,346.38,2649084
2022-05-12,346.38,348.71,342.44,343.81,5084030
2022-05-13,343.81,345.12,334.5,339.48,1966939
2022-05-16,339.48,340.55,333.08,337.34,1959781
2022-05-17,337.34,339.67,332.06,334.6,2733094
2022-05-18,334.6,336.3,330.43,336.03,3390540
2022-05-19,336.03,337.85,334.56,336.86,5962884
2022-05-20,336.86,337.77,334.23,334.42,4863421
2022-05-23,334.42,338.49,333.37,334.67,5975118
2022-05-24,334.67,336.84,330.56,333.49,1395425
2022-05-25,333.49,336.96,328.8,330.51,5063044
2022-05-26,330.51,334.93,328.88,330.9,4632146
2022-05-27,330.9,331.89,326.42,327.11,3490508
2022-05-30,327.11,330.5,322.51,328.25,5043714
2022-05-31,328.25,329.43,323.51,328.85,2646653
2022-06-01,328.85,331.56,321.26,324.72,3313157
2022-06-02,324.72,328.51,321.17,324.42,4791623
2022-06-03,324.42,324.73,321.21,321.34,3618796
2022-06-06,321.34,325.19,321.33,324.65,4233410
2022-06-07,324.65,329.39,323.46,327.64,5934395
2022-06-08,327.64,327.76,324.77,327.62,3069331
2022-06-09,327.62,335.05,326.75,331.26,1159281
2022-06-10,331.26,334.8,326.37,330.55,5104695
2022-06-13,330.55,334.76,325.73,330.98,3046646
2022-06-14,330.98,335,330.62,332.16,1522577
2022-06-15,332.16,337.49,330.25,333.28,3876568
2022-06-16,333.28,333.78,328.72,331.46,1714807
2022-06-17,331.46,337.85,331.03,334.18,4724177
2022-06-20,334.18,338.18,333.77,333.9,2538956
2022-06-21,333.9,337.01,329.58,329.59,5699543
2022-06-22,329.59,332.04,321.4,325.3,5908204
2022-06-23,325.3,328.92,323.2,324.89,5156463
2022-06-24,324.89,325.77,323.36,325.44,4079927
2022-06-27,325.44,332.28,324.13,329.23,1428337
2022-06-28,329.23,336,327.99,332.51,4312887
2022-06-29,332.51,340.62,328.9,337.11,2428525
2022-06-30,337.11,342.75,335.45,340.8,2403428
2022-07-01,340.8,342.68,336.63,340.83,4441767
2022-07-04,340.83,344.33,335.23,337.53,1986313
2022-07-05,337.53,339.84,334.53,336.66,5061538
2022-07-06,336.66,336.67,333.43,336.4,5174524
2022-07-07,336.4,339.14,333.2,334.07,3588578
2022-07-08,334.07,334.13,330.81,331.74,5920713
2022-07-11,331.74,335.48,330.68,331.8,2597568
2022-07-12,331.8,335.08,323.31,327.68,3208896
2022-07-13,327.68,333.27,323.53,332.63,5251625
2022-07-14,332.63,335.51,327.71,331.97,2066943
2022-07-15,331.97,336.53,326.61,331.41,3115508
2022-07-18,331.41,334.63,326.76,327.33,5396024
2022-07-19,327.33,331.53,323.67,330.43,1638837
2022-07-20,330.43,332.22,325.7,329.53,1249452
2022-07-21,329.53,334.63,325.56,329.84,4589872
2022-07-22,329.84,338.37,329.29,334.94,5099374
2022-07-25,334.94,338.19,333.02,336.5,5016297
2022-07-26,336.5,339.93,333.24,335.51,2550884
2022-07-27,335.51,338.56,328.7,332.13,4280277
2022-07-28,332.13,333.26,328.59,330.58,5305905
2022-07-29,330.58,334.5,325.99,334.45,2662785
2022-08-01,334.45,338.21,330.27,332.5,2799228
2022-08-02,332.5,339.98,332.09,336.97,2695021
2022-08-03,336.97,340.73,334.2,338.63,2473355
2022-08-04,338.63,341.32,334.15,339.2,3578896
2022-08-05,339.2,342.61,334.27,341.47,4031755
2022-08-08,341.47,346.78,338.89,346.22,5249853
2022-08-09,346.22,347.48,341.93,345.99,2224204
2022-08-10,345.99,346.97,338.59,341.43,2643793
2022-08-11,341.43,343.37,340.33,341.08,5590768
2022-08-12,341.08,345.05,336.35,340.34,5299667
2022-08-15,340.34,348.81,337.38,344.65,1175147
2022-08-16,344.65,350.73,343,347.37,4509775
2022-08-17,347.37,353.18,342.27,350.29,2090387
2022-08-18,350.29,353.2,347.6,347.66,3334597
2022-08-19,347.66,351.77,346,348.05,5444154
2022-08-22,348.05,353.18,345.35,349.12,4010672
2022-08-23,349.12,354.35,342.62,344.87,4583636
2022-08-24,344.87,349.01,338.62,340.29,4908950
2022-08-25,340.29,341.7,339.48,340.97,4384962
2022-08-26,340.97,345.93,336.74,338.24,1988824
2022-08-29,338.24,342.61,333.18,341.83,5819565
2022-08-30,341.83,346.29,338.27,341.92,3787668
2022-08-31,341.92,345.27,337.97,341.81,1303138
2022-09-01,341.81,350.87,337.29,346.82,4834598
2022-09-02,346.82,352.66,343.74,348.27,3871162
2022-09-05,348.27,352.05,341.49,344.56,4961688
2022-09-06,344.56,350.36,342.83,348.06,1459161
2022-09-07,348.06,351.81,346.94,347.48,5206721
2022-09-08,347.48,351.67,347.16,347.41,4127939
2022-09-09,347.41,349.74,342.19,345.09,3546415
2022-09-12,345.09,349.99,344.13,345.5,1191957
2022-09-13,345.5,350.33,340.56,343.09,3780344
2022-09-14,343.09,350.44,339.56,346.89,5785412
2022-09-15,346.89,354.02,345,349.03,4488598
2022-09-16,349.03,350.86,345.09,350.01,3341881
2022-09-19,350.01,357.08,345.37,355.47,3961289
2022-09-20,355.47,355.73,349.26,351.2,4302648
2022-09-21,351.2,352.99,349.22,351.65,4190468
2022-09-22,351.65,355.46,348.02,351.22,1450362
2022-09-23,351.22,356.5,347.31,355.11,3782486
2022-09-26,355.11,357.57,347.78,350.54,4854650
2022-09-27,350.54,350.76,343.5,345.74,5177115
2022-09-28,345.74,354.45,343.92,350.69,1831830
2022-09-29,350.69,350.73,341.75,346.83,3981337
2022-09-30,346.83,346.94,344.44,346.71,4782216
2022-10-03,346.71,349.63,344.94,347.37,2981082
2022-10-04,347.37,349.62,339.95,344.58,5100632
2022-10-05,344.58,353.59,340.42,348.56,1505952
2022-10-06,348.56,355.82,345.18,350.94,1864299
2022-10-07,350.94,355.18,343.81,348.6,2148138
2022-10-10,348.6,349.98,342.85,347.26,5996720
2022-10-11,347.26,355.08,344.88,352.42,3985876
2022-10-12,352.42,357.51,347.69,355.01,4685568
2022-10-13,355.01,358.52,351.58,357.02,3433162
2022-10-14,357.02,363.05,356.96,360.8,5508359
2022-10-17,360.8,363.44,357.87,359.94,2805380
2022-10-18,359.94,365.05,358.42,361.3,4811281
2022-10-19,361.3,364.89,358.21,358.71,5140425
2022-10-20,358.71,365.43,357.18,360.28,1426299
2022-10-21,360.28,367.88,356.07,365.49,5168788
2022-10-24,365.49,372.59,362.43,370.82,2275946
2022-10-25,370.82,378.03,370.75,376.24,1189791
2022-10-26,376.24,382.4,370.77,381.72,2164156
2022-10-27,381.72,385.28,374,378.46,3952248
2022-10-28,378.46,384.95,375.42,380.82,2438193
2022-10-31,380.82,382.58,375.56,379.28,2497515
2022-11-01,379.28,383.12,376.63,382.32,3898689
2022-11-02,382.32,386.16,381.34,384.31,3294648
2022-11-03,384.31,387.35,381.46,381.46,1265698
2022-11-04,381.46,381.62,374.96,377.31,5499451
2022-11-07,377.31,381.29,375.69,377.05,2397663
2022-11-08,377.05,381.8,372.42,372.83,4159235
2022-11-09,372.83,376.93,367.67,372.55,1836145
2022-11-10,372.55,379.47,370.55,374.13,1975766
2022-11-11,374.13,384.6,372.84,379.31,2470300
2022-11-14,379.31,384.68,376.47,376.9,3261964
2022-11-15,376.9,382.29,373.37,375.62,1813980
2022-11-16,375.62,378.24,369.6,371.5,1713286
2022-11-17,371.5,378.21,366.26,373.31,5688904
2022-11-18,373.31,378.9,366.74,371.11,5213025
2022-11-21,371.11,375.78,366.47,373.15,4837339
2022-11-22,373.15,380.63,368.54,377.08,4975901
2022-11-23,377.08,380.18,373.56,378.37,3193026
2022-11-24,378.37,381.11,374.44,380.2,1880597
2022-11-25,380.2,382.2,374.5,375.2,5223173
2022-11-28,375.2,384,371.45,378.54,1187961
2022-11-29,378.54,383.68,374.72,382.33,4362916
2022-11-30,382.33,384.69,375.17,378.05,1081747
2022-12-01,378.05,382.53,373.07,381.52,4033119
2022-12-02,381.52,382.08,379.83,382.06,1258162
2022-12-05,382.06,385.61,377.8,385.58,3197315
2022-12-06,385.58,389.58,375.84,380.68,4217792
2022-12-07,380.68,384.92,376.92,378.47,1072907
2022-12-08,378.47,379.98,371.26,373.83,3086948
2022-12-09,373.83,375.87,367.65,369.22,4753929
2022-12-12,369.22,372.79,368.38,368.98,2328696
2022-12-13,368.98,369.14,362.19,366.77,1366037
2022-12-14,366.77,369.14,361.59,365.89,5054290
2022-12-15,365.89,366.17,359.94,361.61,4366867
2022-12-16,361.61,362.95,355.65,360.62,5835139
2022-12-19,360.62,369.52,360.09,364.47,4774101
2022-12-20,364.47,368.62,358.91,362.13,2281778
2022-12-21,362.13,368.46,357.52,363.11,4089795
2022-12-22,363.11,367.25,355.74,358.29,1297895
2022-12-23,358.29,358.36,354.25,356.84,3600512
2022-12-26,356.84,358.24,351.2,355.58,5109088
2022-12-27,355.58,356.86,348.96,353.54,2072347
2022-12-28,353.54,357.05,350.24,354.68,2254886
2022-12-29,354.68,359.08,346.21,351.43,3441332
2022-12-30,351.43,355.16,346.28,349.47,4851062
2023-01-02,349.47,356.22,346.12,354.51,5905970
2023-01-03,354.51,361.25,354.06,359.27,1298286
2023-01-04,359.27,364.6,357.85,361.21,5010779
2023-01-05,361.21,366.14,356.68,365.03,5291312
2023-01-06,365.03,371.38,360.47,368.72,4640826
2023-01-09,368.72,368.73,365.23,366.45,4428216
2023-01-10,366.45,370.88,363.99,367.83,1189219
2023-01-11,367.83,371.71,362.47,363.02,2245130
2023-01-12,363.02,364.99,356.87,361.95,5884285
2023-01-13,361.95,364.65,353.81,357.13,5638347
2023-01-16,357.13,357.95,352.7,355.64,5314064
2023-01-17,355.64,356.65,349.55,353.69,4599413
2023-01-18,353.69,354.85,347.74,349.33,4800554
2023-01-19,349.33,353.78,345.62,346.21,1074581
2023-01-20,346.21,350.45,341.8,348.49,4111070
2023-01-23,348.49,352.97,348.33,349.25,1685815
2023-01-24,349.25,350.27,344.17,347.37,2510623
2023-01-25,347.37,350.88,344.95,350.82,5266735
2023-01-26,350.82,354.41,347.23,347.92,2374592
2023-01-27,347.92,351.73,345.21,348.72,1871157
2023-01-30,348.72,353.57,343.46,346.91,2448557
2023-01-31,346.91,348.23,343.01,343.81,2918173
2023-02-01,343.81,349.07,341.5,346.57,1835610
2023-02-02,346.57,352.31,345.18,350.12,4362070
2023-02-03,350.12,353.12,347.34,347.85,4509667
2023-02-06,347.85,347.9,342.81,346.99,1764050
2023-02-07,346.99,348.02,342.29,344.91,5155668
2023-02-08,344.91,349.24,340.03,348.88,1161209
2023-02-09,348.88,356.5,346.53,353.15,5372346
2023-02-10,353.15,353.29,349.9,350.25,1876657
2023-02-13,350.25,356.02,345.57,353.56,3555465
2023-02-14,353.56,363.45,350.09,358.46,5003958
2023-02-15,358.46,363.38,354.11,363.05,2562332
2023-02-16,363.05,365.6,362.26,364.64,3073066
2023-02-17,364.64,366.51,362.2,363.83,3190167
2023-02-20,363.83,368.27,357.49,358.91,1986018
2023-02-21,358.91,360.31,356.19,358.06,1063302
2023-02-22,358.06,361.38,355.57,361.33,4372787
2023-02-23,361.33,361.44,358.61,359.24,4434735
2023-02-24,359.24,360.88,356.84,359.68,4316997
2023-02-27,359.68,365.31,358.98,362.66,5824148
2023-02-28,362.66,370.5,359.07,367.14,2252597
2023-03-01,367.14,370.62,365.65,367.15,3268685
2023-03-02,367.15,373.76,365.68,372.44,2105213
2023-03-03,372.44,375.16,366.08,367.81,3005156
2023-03-06,367.81,369.81,359.16,363.99,3981554
2023-03-07,363.99,366.15,356.05,360.91,4089698
2023-03-08,360.91,364.41,359.42,363.42,1093732
2023-03-09,363.42,364.99,357.05,358.97,3906670
2023-03-10,358.97,360.93,354.35,359,2984054
2023-03-13,359,361.46,355.71,355.98,3020673
2023-03-14,355.98,358.74,352.62,353.96,2772141
2023-03-15,353.96,359.44,350.19,358.15,3389910
2023-03-16,358.15,358.55,354.33,357.76,3760291
2023-03-17,357.76,360.67,354.07,357.37,4964313
2023-03-20,357.37,363.38,355.99,359.13,5867267
2023-03-21,359.13,368.18,355.14,362.94,4461695
2023-03-22,362.94,365.08,355.01,359.28,1715581
2023-03-23,359.28,363.19,354.05,357.95,1923044
2023-03-24,357.95,361.5,355.45,360.53,4156107
2023-03-27,360.53,369.32,356.46,365.49,1825509
2023-03-28,365.49,369.77,363.73,369.74,2280687
2023-03-29,369.74,379.48,367.76,374.44,2434276
2023-03-30,374.44,376.25,365.92,371.03,1796455
2023-03-31,371.03,372.23,364.33,367.99,2496416
2023-04-03,367.99,372.68,363.25,363.29,5079217
2023-04-04,363.29,371.98,360.39,367.69,5146761
2023-04-05,367.69,377,364.01,372.58,3505270
2023-04-06,372.58,373.58,369.12,369.64,2124853
2023-04-07,369.64,372.61,361.49,365.24,4540922
2023-04-10,365.24,365.52,362.11,364.99,1772340
2023-04-11,364.99,368.65,356.42,361.34,3342591
2023-04-12,361.34,364.07,355.62,360.34,1769354
2023-04-13,360.34,361.29,354.51,356.32,3466265
2023-04-14,356.32,359.48,347.96,352.33,5977161
2023-04-17,352.33,352.83,349.47,349.71,1296890
2023-04-18,349.71,358.78,345.42,354.84,4702729
2023-04-19,354.84,359.14,350.27,353.5,1293422
2023-04-20,353.5,354.44,351.59,351.71,2243989
2023-04-21,351.71,354.43,349.82,352.4,2229399
2023-04-24,352.4,353.35,350.12,352.66,2769240
2023-04-25,352.66,356.6,348.63,348.92,4767050
2023-04-26,348.92,353.99,345.93,349.81,5218489
2023-04-27,349.81,350.28,344.15,345.08,3755302
2023-04-28,345.08,348.58,343.81,347.08,2790690
2023-05-01,347.08,348.22,339.51,344.46,1019597
2023-05-02,344.46,351.72,342.8,348.55,3009154
2023-05-03,348.55,350.26,345.22,349.5,3669769
2023-05-04,349.5,353.13,343.6,346.16,1929798
2023-05-05,346.16,349.35,344.57,345.6,3682738
2023-05-08,345.6,350.83,345.51,348.47,5439808
2023-05-09,348.47,358.93,346.38,353.64,3795684
2023-05-10,353.64,358.28,351.92,352.92,2152722
2023-05-11,352.92,359.73,351.52,355.91,4893849
2023-05-12,355.91,359.26,350.91,359.19,5723070
2023-05-15,359.19,362.28,352.42,355.4,5057119
2023-05-16,355.4,360.12,354.65,356.69,5275183
2023-05-17,356.69,359.24,354.08,358,4460507
2023-05-18,358,362.27,352.12,354.45,1053704
2023-05-19,354.45,358.92,353.83,354.91,3007982
2023-05-22,354.91,360.85,354.04,356.52,2190746
2023-05-23,356.52,359.01,354.9,357.55,3787679
2023-05-24,357.55,359.61,356.87,357.81,1945845
2023-05-25,357.81,359.8,352.38,356.57,1587226
2023-05-26,356.57,361.49,352.11,361.11,1589142
2023-05-29,361.11,364.96,358.2,359.62,3191521
2023-05-30,359.62,365.86,358.61,360.71,4727915
2023-05-31,360.71,363.53,353.08,355.67,5940750
2023-06-01,355.67,359.64,353.93,359.51,1721479
2023-06-02,359.51,364.28,353.48,356.3,3215474
2023-06-05,356.3,359.76,351.99,352.2,3562136
2023-06-06,352.2,357.06,349.35,351,2846648
2023-06-07,351,353.38,347.42,349.36,2256453
2023-06-08,349.36,353.57,343.84,348.98,5198885
2023-06-09,348.98,352.09,340.42,345.34,1699393
2023-06-12,345.34,353.86,342.91,350.13,1220187
2023-06-13,350.13,351.4,344.72,346.53,1852050
2023-06-14,346.53,346.69,337.71,342.4,5313844
2023-06-15,342.4,344.3,338.63,343.18,5228201
2023-06-16,343.18,349.74,341.05,345.19,4328734
2023-06-19,345.19,345.74,340.42,342.39,5407817
2023-06-20,342.39,345.31,340.41,341.94,4312031
2023-06-21,341.94,345.68,335.19,337.65,3557406
2023-06-22,337.65,338.93,335.12,337.51,4091282
2023-06-23,337.51,339.99,328.79,333.03,5986060
2023-06-26,333.03,335.22,328.19,329.68,5657752
2023-06-27,329.68,335.16,328.47,330.58,1170940
2023-06-28,330.58,334.91,328.7,331.75,3721435
2023-06-29,331.75,338.57,327.62,335.28,2764204
2023-06-30,335.28,337.75,328.45,332.43,5127908
2023-07-03,332.43,335.33,332.2,333.13,5314634
2023-07-04,333.13,334.47,327.99,330.47,2512951
2023-07-05,330.47,334.23,328.78,332,1069064
2023-07-06,332,334,327.6,328.77,1033851
2023-07-07,328.77,336.52,326.85,331.81,1403805
2023-07-10,331.81,336.61,325.64,330.55,3668812
2023-07-11,330.55,335.58,327.38,335.16,3389688
2023-07-12,335.16,341.2,333.66,337.35,5957691
2023-07-13,337.35,342.73,337.04,340.42,3630226
2023-07-14,340.42,342.69,337.87,338.02,3116368
2023-07-17,338.02,347.17,334.18,342.91,2344087
2023-07-18,342.91,347.47,334.1,338.14,2070994
2023-07-19,338.14,343.03,332.36,333.69,3020408
2023-07-20,333.69,337.81,329.03,332.89,2353683
2023-07-21,332.89,333.67,327.57,330.81,4246432
2023-07-24,330.81,333.8,329.67,331.6,1571846
2023-07-25,331.6,335.76,327.16,328.84,4611462
2023-07-26,328.84,334.6,325.55,329.74,1776331
2023-07-27,329.74,332.96,326.71,330.55,4749756
2023-07-28,330.55,331.85,329.64,330.06,1500393
2023-07-31,330.06,334.17,322.17,325.52,3618875
2023-08-01,325.52,327.51,318.84,321.69,4751162
2023-08-02,321.69,325.19,317.39,318.57,5046189
2023-08-03,318.57,326.85,315.52,322.23,3028808
2023-08-04,322.23,323.83,319.08,323.74,5690891
2023-08-07,323.74,330.4,318.95,328.41,4384897
2023-08-08,328.41,335.25,325.9,333.49,4770212
2023-08-09,333.49,338.42,328.54,330.61,3033948
2023-08-10,330.61,338.98,329.89,334.93,3819922
2023-08-11,334.93,340.38,332.23,339.02,4981728
2023-08-14,339.02,341.47,332.26,336,1397769
2023-08-15,336,336.75,330.53,331.78,1067643
2023-08-16,331.78,334.8,327.94,330.76,4250920
2023-08-17,330.76,334.38,327.12,332.39,4925007
2023-08-18,332.39,335.03,328.44,332.79,4925957
2023-08-21,332.79,338.17,330.1,335.13,4465054
2023-08-22,335.13,336.1,330.36,334.68,2714522
2023-08-23,334.68,337.23,330.01,331.84,3230267
2023-08-24,331.84,337.98,328.97,335.23,5684632
2023-08-25,335.23,340.18,331.07,339.68,5480722
2023-08-28,339.68,344.46,335.92,339.89,4842668
2023-08-29,339.89,346.5,336.15,342.6,3741965
2023-08-30,342.6,348.8,341.47,346.34,5303316
2023-08-31,346.34,346.84,342.12,343.08,2477776
2023-09-01,343.08,344.72,338.13,342.22,5298322
2023-09-04,342.22,344.96,339.48,341.2,5530522
2023-09-05,341.2,347.89,341.02,345.48,1131390
2023-09-06,345.48,351.8,344.21,347.3,3385647
2023-09-07,347.3,351.77,338.42,343.49,4773054
2023-09-08,343.49,349.95,340.8,346.23,3888386
2023-09-11,346.23,350.78,336.39,341.47,2281768
2023-09-12,341.47,345.16,339.91,342.05,4240745
2023-09-13,342.05,343.48,337.7,341.65,2394279
2023-09-14,341.65,345.48,339,344.23,3988015
2023-09-15,344.23,351.35,339.71,348.71,2222484
2023-09-18,348.71,351.65,345.04,346.41,3345855
2023-09-19,346.41,346.9,343,345.16,3740285
2023-09-20,345.16,345.24,339.14,342.22,4011357
2023-09-21,342.22,343.01,339.64,341.16,2197669
2023-09-22,341.16,349.24,336.19,344.92,4134520
2023-09-25,344.92,347.01,343.19,343.86,1985000
2023-09-26,343.86,352.68,340.92,349.01,5033181
2023-09-27,349.01,352.42,342.59,345.41,2382508
2023-09-28,345.41,350.15,341.81,342.13,4784114
2023-09-29,342.13,346.78,341.41,346.67,5312887
2023-10-02,346.67,346.68,340.76,345.21,5711367
2023-10-03,345.21,348.45,342.93,348.43,5770954
2023-10-04,348.43,350.69,343.53,344.31,5078591
2023-10-05,344.31,349.64,343.71,347.38,2221255
2023-10-06,347.38,352.58,339.74,343.72,2451430
2023-10-09,343.72,350.44,342.94,347.4,2007908
2023-10-10,347.4,352.89,342.48,352.66,2336786
2023-10-11,352.66,354.98,348.15,352.59,4204914
2023-10-12,352.59,354.63,342.64,347.52,2430205
2023-10-13,347.52,352.16,343.6,347.66,5727202
2023-10-16,347.66,352.78,340.97,342.84,5759908
2023-10-17,342.84,351.39,341.57,347.73,5261219
2023-10-18,347.73,349.68,342.93,349.64,5808656
2023-10-19,349.64,355.97,349.58,353.17,4359641
2023-10-20,353.17,357.13,348.2,349.14,5157782
2023-10-23,349.14,354.91,348.02,354.26,4599539
2023-10-24,354.26,358.95,350.46,354.41,3461096
2023-10-25,354.41,358.32,349.65,357.08,2255239
2023-10-26,357.08,360.37,351.41,355.8,4564058
2023-10-27,355.8,359.51,352.98,353.08,2293770
2023-10-30,353.08,362.24,348.33,357.31,2812296
2023-10-31,357.31,363.24,356.76,361.3,1644302
2023-11-01,361.3,366.6,359.01,364.32,5397848
2023-11-02,364.32,370.79,362.91,369.23,2632294
2023-11-03,369.23,375.47,365.49,372.71,2317620
2023-11-06,372.71,374.7,363.38,367.89,4779621
2023-11-07,367.89,375.02,366.96,371.63,3573979
2023-11-08,371.63,374.81,364.55,368.21,3676659
2023-11-09,368.21,371.32,364.28,366.5,5303490
2023-11-10,366.5,371.04,363.21,369.49,2665131
2023-11-13,369.49,373.48,361.33,366.08,2166197
2023-11-14,366.08,371.54,358.73,361.41,4583640
2023-11-15,361.41,362.98,355.41,356.74,2567721
2023-11-16,356.74,364.2,351.73,359.5,5403547
2023-11-17,359.5,364.56,352.18,355.23,4674462
2023-11-20,355.23,358.62,349.98,353.71,3050561
2023-11-21,353.71,360.72,349.27,356.65,5812375
2023-11-22,356.65,357.13,350.17,354.94,3229424
2023-11-23,354.94,365.42,354.13,360.36,2897771
2023-11-24,360.36,363.51,352.4,357,4472999
2023-11-27,357,357.82,351.7,353.36,3853427
2023-11-28,353.36,356.91,350.87,353.68,2353779
2023-11-29,353.68,358.74,353.37,354.89,2414105
2023-11-30,354.89,356.21,352.76,353.75,2337579
2023-12-01,353.75,356.8,348.42,350.13,3801617
2023-12-04,350.13,350.9,343.78,348.84,4125153
2023-12-05,348.84,356.33,348.65,353.13,2245417
2023-12-06,353.13,354.07,349.68,351.73,3505212
2023-12-07,351.73,352.44,346.42,346.88,1307540
2023-12-08,346.88,351.17,345.08,349.85,4681396
2023-12-11,349.85,356.74,347.73,351.58,1449745
2023-12-12,351.58,357.52,349.31,354.7,1834817
2023-12-13,354.7,355.74,346.39,351.26,4392222
2023-12-14,351.26,356.01,348.38,352.71,2512170
2023-12-15,352.71,357.38,345.14,347.73,3181850
2023-12-18,347.73,350.33,338.44,343.48,3522018
2023-12-19,343.48,348.24,343.15,343.81,3254467
2023-12-20,343.81,346.82,337.16,340.57,1196620
2023-12-21,340.57,346.91,339.05,345.06,4652127
2023-12-22,345.06,345.93,340.85,342.8,2825871
2023-12-25,342.8,344.92,337.75,342.85,1157485
2023-12-26,342.85,345.72,338.92,341.74,3955502
2023-12-27,341.74,347.11,339.46,343.25,1064343
2023-12-28,343.25,343.33,338.32,341.25,2574374
2023-12-29,341.25,341.44,336.93,337.39,5822074
2024-01-01,337.39,343.41,333.84,341.84,5052203
2024-01-02,341.84,345.62,333.47,337.69,4513602
2024-01-03,337.69,341.62,336.41,339.14,5637901
2024-01-04,339.14,346.12,338.94,342.82,2924457
2024-01-05,342.82,347.63,338.37,346.85,4579273
2024-01-08,346.85,349.52,344.35,345.71,5202305
2024-01-09,345.71,348.22,340.79,347.27,1580904
2024-01-10,347.27,352.74,345.37,349.06,2281764
2024-01-11,349.06,353.92,348.66,349.51,4958982
2024-01-12,349.51,353.07,345.69,352.07,5658939
2024-01-15,352.07,354.16,349.45,352.9,3173334
2024-01-16,352.9,354.66,349.63,352.54,2991634
2024-01-17,352.54,359.06,350.39,354.65,3665642
2024-01-18,354.65,357.91,352.04,352.65,4463031
2024-01-19,352.65,356.78,349.59,354.26,1006888
2024-01-22,354.26,354.66,345.84,350.79,2962430
2024-01-23,350.79,356.34,350.22,351.14,2932976
2024-01-24,351.14,354.77,349.64,351.43,5693921
2024-01-25,351.43,351.95,345.84,347.91,5417840
2024-01-26,347.91,350.68,341.18,344.26,5735287
2024-01-29,344.26,347.47,336.26,341.33,2891123
2024-01-30,341.33,349.23,338.73,344.83,1838979
2024-01-31,344.83,349.42,338.12,341.37,1110752
2024-02-01,341.37,343.14,338.06,339.37,2625707
2024-02-02,339.37,346.05,335.55,341.14,1764787
2024-02-05,341.14,345.4,337.23,343.96,5980899
2024-02-06,343.96,352.16,339.65,347.2,2704885
2024-02-07,347.2,354.35,344.01,350.55,1150396
2024-02-08,350.55,351.7,347.53,351.21,3819553
2024-02-09,351.21,355.59,347.49,352.98,2012089
2024-02-12,352.98,356.47,345.17,348.31,5930282
2024-02-13,348.31,352.48,346.42,350.09,4683671
2024-02-14,350.09,351.81,343.5,348.14,5433437
2024-02-15,348.14,349.5,345.41,348.93,3665092
2024-02-16,348.93,353.43,347.94,348.55,4484226
2024-02-19,348.55,355.04,346.18,352.73,3198972
2024-02-20,352.73,358.92,351.58,354.27,1838690
2024-02-21,354.27,359.14,349.66,351.02,1410643
2024-02-22,351.02,352.56,344.42,349.52,3674567
2024-02-23,349.52,352.87,343.57,347.53,1308837
2024-02-26,347.53,351.93,343.21,343.84,4362433
2024-02-27,343.84,346.97,340.9,343.88,1762293
2024-02-28,343.88,346.67,342.68,342.79,5653235
2024-02-29,342.79,346.42,338.54,341.82,3833852
2024-03-01,341.82,344.4,336.79,344.2,4317474
2024-03-04,344.2,345.57,342.42,342.96,4951797
2024-03-05,342.96,344.71,339.71,343.9,5211793
2024-03-06,343.9,348.75,343.84,344.33,4371050
2024-03-07,344.33,348.03,343.9,344.01,3468276
2024-03-08,344.01,351.98,342.22,347.97,4535382
2024-03-11,347.97,352.85,346.36,351.67,4648578
2024-03-12,351.67,356.06,347.05,350.11,1370625
2024-03-13,350.11,354.33,345.34,353.69,4875488
2024-03-14,353.69,355.23,348.37,349.29,3459629
2024-03-15,349.29,354.24,346.63,352.63,4185279
2024-03-18,352.63,359.1,347.65,358.1,3405822
2024-03-19,358.1,363.63,353.33,362.95,5990010
2024-03-20,362.95,366.07,357.81,362.29,5696569
2024-03-21,362.29,366.3,355.23,357.59,2061756
2024-03-22,357.59,364.91,356.18,363.06,5089669
2024-03-25,363.06,365.71,356.31,358.01,4163841
2024-03-26,358.01,367.52,357.54,362.91,5775855
2024-03-27,362.91,368.39,359.27,363.79,1139122
2024-03-28,363.79,369.9,360.14,365.61,3448415
2024-03-29,365.61,370.47,360.82,361.48,5204029
2024-04-01,361.48,365.88,356.08,360.88,4858815
2024-04-02,360.88,361.73,354,355.93,5602495
2024-04-03,355.93,362.12,352.43,359.65,3834143
2024-04-04,359.65,367.2,358.67,361.93,2605710
2024-04-05,361.93,363.72,361.01,361.44,3510342
2024-04-08,361.44,363.83,354.01,359.13,2895510
2024-04-09,359.13,360.81,356.75,360.09,2065434
2024-04-10,360.09,362.15,355.83,358.7,1911495
2024-04-11,358.7,365.32,356.19,363.24,4605893
2024-04-12,363.24,368.35,359.91,367.28,5749350
2024-04-15,367.28,369.57,366.51,367.14,4505929
2024-04-16,367.14,374.36,363.37,370.99,4966546
2024-04-17,370.99,371.99,365.18,367.33,3290194
2024-04-18,367.33,368.43,359.89,364.89,3687882
2024-04-19,364.89,368.33,357.48,360.14,5961499
2024-04-22,360.14,365.66,355.67,361.28,5164738
2024-04-23,361.28,366.42,358.42,359.88,5156164
2024-04-24,359.88,363.44,355.43,360.45,5210377
2024-04-25,360.45,365.87,359.97,363.52,2031296
2024-04-26,363.52,368.99,358.32,364.82,5360029
2024-04-29,364.82,369.69,364.75,368.35,2574616
2024-04-30,368.35,376.69,367.74,373.18,3213402
2024-05-01,373.18,377.86,364.9,369.27,2692296
2024-05-02,369.27,374.6,367.09,369.33,5323376
2024-05-03,369.33,375.32,366.56,370.62,2337903
2024-05-06,370.62,370.62,364.45,367.84,4858998
2024-05-07,367.84,374.26,362.32,369.57,3034510
2024-05-08,369.57,377.17,366.37,373.15,5166072
2024-05-09,373.15,382.02,371.62,377.12,3798864
2024-05-10,377.12,379.64,369.57,372.86,4920704
2024-05-13,372.86,376.05,366.68,368.12,5786879
2024-05-14,368.12,375.14,365.02,369.62,1389418
2024-05-15,369.62,376.25,365.95,375.28,4903517
2024-05-16,375.28,379.31,369.08,373.07,4683695
2024-05-17,373.07,373.44,371.28,371.88,4936170
2024-05-20,371.88,373.24,362.87,367.02,2920241
2024-05-21,367.02,370.59,362.04,369.45,5495857
2024-05-22,369.45,371.39,367.24,368.28,4096840
2024-05-23,368.28,373.46,367.59,370.91,3466493
2024-05-24,370.91,378.04,367.96,375.26,5889334
2024-05-27,375.26,376.28,365.8,369.97,4698402
2024-05-28,369.97,375.84,368.23,373.65,3896782
2024-05-29,373.65,375.68,370.77,371.02,2437335
2024-05-30,371.02,371.23,370.34,370.79,3648047
2024-05-31,370.79,373.09,361.91,367.09,1935052
2024-06-03,367.09,370.85,360.76,362.76,4285695
2024-06-04,362.76,368.41,360.8,363.36,2746760
2024-06-05,363.36,367.05,360.74,364.25,3479306
2024-06-06,364.25,371.68,359.72,369.28,1415071
2024-06-07,369.28,369.42,364.65,366.41,2812367
2024-06-10,366.41,367.67,357.66,362.14,4475230
2024-06-11,362.14,367.16,359.07,363.89,1150617
2024-06-12,363.89,366.47,356.51,361.77,4963484
2024-06-13,361.77,366.33,361.12,365.84,2610691
2024-06-14,365.84,370.51,357.73,362.55,3634060
2024-06-17,362.55,366.2,355.78,358.76,3488030
2024-06-18,358.76,363.33,351.31,356.45,3851538
2024-06-19,356.45,360.1,352.89,353.03,2304650
2024-06-20,353.03,354.45,352.31,352.73,2731189
2024-06-21,352.73,353.12,346.36,349.97,2542577
2024-06-24,349.97,350.97,345.18,347.25,4125380
2024-06-25,347.25,353.38,344.2,349.07,2946572
2024-06-26,349.07,349.76,342.18,346.22,1865663
2024-06-27,346.22,353.21,341.82,349.98,2783301
2024-06-28,349.98,354.39,347.54,349.04,1667281
2024-07-01,349.04,357.79,345.25,354.49,3495891
2024-07-02,354.49,358.48,351.71,356.71,1279361
2024-07-03,356.71,362.03,350.56,352.06,4360022
2024-07-04,352.06,352.97,349.08,350.99,3784154
2024-07-05,350.99,354.29,346.8,352.86,5489876
2024-07-08,352.86,356.36,346.01,350.63,5034373
2024-07-09,350.63,351.08,342.37,347.07,2806327
2024-07-10,347.07,353.23,342.64,350.28,5793254
2024-07-11,350.28,350.97,345.31,345.73,5911144
2024-07-12,345.73,349.87,340.71,344.07,5808578
2024-07-15,344.07,348.3,343.29,344.85,3359372
2024-07-16,344.85,351.62,340.81,348.12,4242213
2024-07-17,348.12,348.85,344.28,347.03,1409959
2024-07-18,347.03,351.21,341.87,342.45,3850328
2024-07-19,342.45,343.78,337.99,338.48,5951586
2024-07-22,338.48,340.79,335.28,336.26,5060905
2024-07-23,336.26,337.7,334.03,334.73,4949367
2024-07-24,334.73,337.12,331.58,333.97,3148482
2024-07-25,333.97,343.07,329.19,338.27,2710790
2024-07-26,338.27,343.47,335.21,340,3547011
2024-07-29,340,344.39,339.33,340.46,3776656
2024-07-30,340.46,341.3,339.78,340.18,5274325
2024-07-31,340.18,345.2,337.85,342.6,3959383
2024-08-01,342.6,349.42,339.8,344.56,2689693
2024-08-02,344.56,351.93,342.55,347.21,5187570
2024-08-05,347.21,347.65,342.93,343.25,2110445
2024-08-06,343.25,349.38,341.04,345.02,3891311
2024-08-07,345.02,353.61,341.08,348.89,1920981
2024-08-08,348.89,356.61,343.67,352.1,1253227
2024-08-09,352.1,354.4,348.38,349.12,1577845
2024-08-12,349.12,349.38,346.61,347.95,3771502
2024-08-13,347.95,348.73,340.84,344.26,4784861
2024-08-14,344.26,345.33,341.6,343.79,1405342
2024-08-15,343.79,345.06,339.28,344.17,2260085
2024-08-16,344.17,349.18,339.96,345.94,1791112
2024-08-19,345.94,347.95,339.81,343.51,4112346
2024-08-20,343.51,348.15,339.62,347.25,2636124
2024-08-21,347.25,351.25,345.09,349.22,5068527
2024-08-22,349.22,358.9,347.26,354.11,1732252
2024-08-23,354.11,358.71,351.47,353.2,3451961
2024-08-26,353.2,354.38,348.08,348.37,4720468
2024-08-27,348.37,354.08,346.4,353.62,1488745
2024-08-28,353.62,359.69,351.86,357.76,2270171
2024-08-29,357.76,361.73,356.92,358.57,3948025
2024-08-30,358.57,360.74,355.81,358.7,2699769
2024-09-02,358.7,363.47,356.69,360.05,4071058
2024-09-03,360.05,361.19,354.09,355.49,5267095
2024-09-04,355.49,360.15,351.58,354.78,4865276
2024-09-05,354.78,359.89,351.81,357.56,3666263
2024-09-06,357.56,361.28,355.62,356.47,2493845
2024-09-09,356.47,361.03,351.2,355.74,4015058
2024-09-10,355.74,359.99,352.61,359.34,4161485
2024-09-11,359.34,363.86,350.23,354.34,4380634
2024-09-12,354.34,359.02,349.6,356.3,1343862
2024-09-13,356.3,363.04,355.06,360.34,3134364
2024-09-16,360.34,361.03,355.09,360.05,3536343
2024-09-17,360.05,367.28,355.16,362.05,4218612
2024-09-18,362.05,362.27,353.15,357.3,4592142
2024-09-19,357.3,361.8,353.34,358.9,2957229
2024-09-20,358.9,360.51,353.2,354.05,4946990
2024-09-23,354.05,357.54,349.81,353.35,5955039
2024-09-24,353.35,359.5,351.85,357.49,4104120
2024-09-25,357.49,360.82,352.68,354.4,1850879
2024-09-26,354.4,354.55,345.89,350.84,5229719
2024-09-27,350.84,357.29,350.66,353.97,4020240
2024-09-30,353.97,354.17,346.84,351.39,1741096
2024-10-01,351.39,355.27,347.24,347.61,2170950
2024-10-02,347.61,349.47,341.75,342.95,1634584
2024-10-03,342.95,346.62,334.37,338.95,2032896
2024-10-04,338.95,349.16,334.38,344.03,3044991
2024-10-07,344.03,345.9,337.4,339.42,1054555
2024-10-08,339.42,341.84,337.34,338.43,3303275
2024-10-09,338.43,342.74,332.71,335.89,1463849
2024-10-10,335.89,336.71,332.48,332.9,2814821
2024-10-11,332.9,337.83,328.72,331.5,1005596
2024-10-14,331.5,337.37,326.62,334.8,2047297
2024-10-15,334.8,338.5,328.96,333.86,3978301
2024-10-16,333.86,337.71,327.21,331.69,2953891
2024-10-17,331.69,336.64,327.63,334.98,1065136
2024-10-18,334.98,341.89,334.21,339.7,2465853
2024-10-21,339.7,341.49,337.41,338.05,3447002
2024-10-22,338.05,339.33,333.78,336.79,3562586
2024-10-23,336.79,341.72,333.34,340.81,1768577
2024-10-24,340.81,342.53,337.06,340.98,3052418
2024-10-25,340.98,348.28,339.88,346.28,5055156
2024-10-28,346.28,348.58,336.27,341.33,5007142
2024-10-29,341.33,347.22,341.31,342.64,1142673
2024-10-30,342.64,344.29,340.63,343.7,3375402
2024-10-31,343.7,347.27,342.45,345.75,5257097
2024-11-01,345.75,351.38,340.71,349.15,5180674
2024-11-04,349.15,355.66,348.48,353.76,5614780
2024-11-05,353.76,353.88,345.08,349.97,1990031
2024-11-06,349.97,357.09,349.07,354.28,3313717
2024-11-07,354.28,357.6,350.2,352.68,3714111
2024-11-08,352.68,357.05,347.07,349.86,4535053
2024-11-11,349.86,355.88,345.6,352.48,5286158
2024-11-12,352.48,352.96,349.43,352.61,1558660
2024-11-13,352.61,360.53,349.31,356.87,4659796
2024-11-14,356.87,356.95,348.09,352.17,5346587
2024-11-15,352.17,358.65,349.9,353.64,2189242
2024-11-18,353.64,355.29,350.57,354.08,2283603
2024-11-19,354.08,361.61,349.09,356.46,3992481
2024-11-20,356.46,361.79,351.55,361.23,2142031
2024-11-21,361.23,367.28,357.92,364.97,3280723
2024-11-22,364.97,365.59,363.15,364.37,1480163
2024-11-25,364.37,365.68,357.96,359.35,5372162
2024-11-26,359.35,360.72,357.64,360.52,5789834
2024-11-27,360.52,362.19,360.26,361.28,5468746
2024-11-28,361.28,363.81,354.17,358.75,3570657
2024-11-29,358.75,363.23,351.63,353.68,1950520
2024-12-02,353.68,356.11,348.59,349.44,4439284
2024-12-03,349.44,355.26,345.69,352.91,5949151
2024-12-04,352.91,355.42,347.18,348.63,5362814
2024-12-05,348.63,349.53,340.71,345.33,5064067
2024-12-06,345.33,350.37,340.4,350.28,5400220
2024-12-09,350.28,358.45,346.85,354.69,4781320
2024-12-10,354.69,359.25,352.22,355.23,3468592
2024-12-11,355.23,362.38,349.96,359.97,3649892
2024-12-12,359.97,365.29,357.15,358.56,4358973
2024-12-13,358.56,366.16,354.18,362.58,5379073
2024-12-16,362.58,369.32,359.03,366.26,1456665
2024-12-17,366.26,371.4,357.72,361.39,5917785
2024-12-18,361.39,365.15,357.93,363.18,5346951
2024-12-19,363.18,369.48,360.05,367.15,2421742
2024-12-20,367.15,370.95,360.04,362.35,2359936
2024-12-23,362.35,365.11,359.56,360.3,2618998
2024-12-24,360.3,363.76,355.06,356.2,4349844
2024-12-25,356.2,358.41,351.38,352.86,2023706
2024-12-26,352.86,357.94,347.92,348.7,2950579
2024-12-27,348.7,355.37,346.45,350.77,1778411
2024-12-30,350.77,355.22,345.9,351.52,1274604
2024-12-31,351.52,355.43,345.96,347.05,1344656
2025-01-01,347.05,350.9,342.15,347.55,4054608
2025-01-02,347.55,352.82,343.92,350.46,2127991
2025-01-03,350.46,356.83,348.81,352.05,1049928
2025-01-06,352.05,358.32,350.06,355.74,5326373
2025-01-07,355.74,359.74,352.18,357.77,1390683
2025-01-08,357.77,359.98,353.49,355.23,5432201
2025-01-09,355.23,357.8,351.12,354.4,4936456
2025-01-10,354.4,356.43,344.16,349.33,1427833
2025-01-13,349.33,352.6,342.21,345.56,5400030
2025-01-14,345.56,347.51,339.09,343.31,4852561
2025-01-15,343.31,346.3,336.7,338.37,1096468
2025-01-16,338.37,343.31,333.34,336.22,1478274
2025-01-17,336.22,339.98,335.51,338.17,1530189
2025-01-20,338.17,339.46,332.91,335.12,2167284
2025-01-21,335.12,340.38,334.83,337.44,3585064
2025-01-22,337.44,338.66,334.26,336.99,3940649
2025-01-23,336.99,340.86,334.51,339.19,4645780
2025-01-24,339.19,344.05,334.6,343.72,1974594
2025-01-27,343.72,344.94,334.31,338.78,1851615
2025-01-28,338.78,343.59,337.18,340.22,5116242
2025-01-29,340.22,344,333.76,338.77,1194949
2025-01-30,338.77,343.25,332.16,336.98,1329467
2025-01-31,336.98,337.24,336.62,336.89,1266410
2025-02-03,336.89,341.69,331.99,337.2,1814935
2025-02-04,337.2,337.63,334.97,335.63,5351080
2025-02-05,335.63,341.34,333.46,338.08,2689992
2025-02-06,338.08,341.22,336.5,340.74,1129289
2025-02-07,340.74,343.56,339.29,341.89,5454324
2025-02-10,341.89,345.13,337.27,344.81,2697125
2025-02-11,344.81,348.36,343.99,347.29,4791137
2025-02-12,347.29,350.82,345.37,347.8,1001316
2025-02-13,347.8,351.85,342.32,347.24,4286029
2025-02-14,347.24,352.64,342.76,349.11,2450711
2025-02-17,349.11,350.5,345.2,348.48,3121986
2025-02-18,348.48,354.21,344.11,352.31,1860678
2025-02-19,352.31,355,344.2,348.13,5447652
2025-02-20,348.13,350.49,344.43,346.65,1841222
2025-02-21,346.65,353.33,344.82,348.78,5336175
2025-02-24,348.78,350.82,347.33,350.25,2420975
2025-02-25,350.25,351.94,345,350.11,2662489
2025-02-26,350.11,351.6,345.92,348.15,4932117
2025-02-27,348.15,352.16,343.34,347.51,5026117
2025-02-28,347.51,350.69,343.5,346.58,1570902
2025-03-03,346.58,347.22,340.92,341.91,4893362
2025-03-04,341.91,344.04,333.6,338.51,5090038
2025-03-05,338.51,339.4,336.23,336.24,3903860
2025-03-06,336.24,340.31,329.29,331.76,4925088
2025-03-07,331.76,338.25,331.23,334.88,4148220
2025-03-10,334.88,339.26,329.97,334.38,4020589
2025-03-11,334.38,337.86,329.32,333.65,2303548
2025-03-12,333.65,339.84,330.69,336.33,1780493
2025-03-13,336.33,337.7,333.48,337.05,5978756
2025-03-14,337.05,342.79,333.85,338.17,5475045
2025-03-17,338.17,342.8,336.01,337.53,2736046
2025-03-18,337.53,341.24,332.89,338.21,5378998
2025-03-19,338.21,341.44,336.28,339.08,4122893
2025-03-20,339.08,341.64,334.71,337.19,3982190
2025-03-21,337.19,339.79,332.23,335.73,4456956
2025-03-24,335.73,338.1,330.84,333.03,3265566
2025-03-25,333.03,335.15,331.64,332.99,4049136
2025-03-26,332.99,333.43,328.69,331.88,4734223
2025-03-27,331.88,332.81,327.57,329.28,4917173
2025-03-28,329.28,329.36,324.28,326.39,2589807
2025-03-31,326.39,332.41,323.91,331.27,5181616
2025-04-01,331.27,334.43,325.01,327.34,5917756
2025-04-02,327.34,330.23,326.71,328,2646213
2025-04-03,328,332.06,323.13,329,2320173
2025-04-04,329,332.36,326.61,330.5,4807501
2025-04-07,330.5,334.52,328.51,331.03,2841924
2025-04-08,331.03,333.47,328.94,330.69,5052111
2025-04-09,330.69,336.64,325.92,333.54,1264610
2025-04-10,333.54,336.63,330.83,333.36,5711383
2025-04-11,333.36,337.04,330.75,337.02,2510832
2025-04-14,337.02,341.76,335.69,337.36,3047182
2025-04-15,337.36,338.24,335.79,336.55,5944669
2025-04-16,336.55,339.53,327.29,331.83,1982713
2025-04-17,331.83,334.82,327.1,329.97,2167812
2025-04-18,329.97,330.63,326.04,330,1701203
2025-04-21,330,334.45,324.75,325.51,1951707
2025-04-22,325.51,328.64,318.32,321.49,4148428
2025-04-23,321.49,325.93,314.07,318.08,1825025
2025-04-24,318.08,321.48,313.57,315.81,3667170
2025-04-25,315.81,317.02,314.58,315.31,1750689
2025-04-28,315.31,315.52,313.79,314.26,5758262
2025-04-29,314.26,318.16,311.34,313.72,5578616
2025-04-30,313.72,318.12,313.06,314.5,2062908
2025-05-01,314.5,322.76,313.9,318.1,4498971
2025-05-02,318.1,318.53,315.2,317.76,1731837
2025-05-05,317.76,324.96,315.7,322.7,5618855
2025-05-06,322.7,326.57,321.33,326.02,2191321
2025-05-07,326.02,330.96,324.76,326.3,2375538
2025-05-08,326.3,330.57,324.13,328.8,5438819
2025-05-09,328.8,330.67,326.59,330.44,1098544
2025-05-12,330.44,335.02,325.63,328.14,1477814
2025-05-13,328.14,330.08,321.8,324.66,4933738
2025-05-14,324.66,329.1,322.13,328.44,3580656
2025-05-15,328.44,330.98,325.39,329.81,3899708
2025-05-16,329.81,334.68,323.23,325.86,5201471
2025-05-19,325.86,333.56,325.16,329.25,3367632
2025-05-20,329.25,332,328.41,330.03,4151147
2025-05-21,330.03,332.93,327.1,327.92,5624936
2025-05-22,327.92,330.86,320.96,325.77,3206679
2025-05-23,325.77,330.11,323.12,326.29,5062783
2025-05-26,326.29,328.32,323.98,327.86,4838306
2025-05-27,327.86,328.09,319.35,323.97,2882544
2025-05-28,323.97,333.55,319.91,328.89,3017915
2025-05-29,328.89,333.2,319.52,324.35,5072573
2025-05-30,324.35,329.24,322.82,325.02,3709933